K,T_days,T,moneyness,log_moneyness,forward,vol_used,call_mid,call_bid,call_ask,put_mid,put_bid,put_ask,pcp_error,call_delta,call_gamma,call_vega,call_theta,put_delta,put_gamma,put_vega,put_theta,iv_call,iv_put
70.0,21,0.057534,0.7,-0.358401,100.172752,0.484291,30.088808,30.0788,30.0988,0.002729,-0.0073,0.0127,0.0,0.998016,0.000245,0.068353,-0.004869,-0.000834,0.000245,0.068353,-0.000781,0.484291,0.484291
71.0,21,0.057534,0.71,-0.344216,100.172752,0.474424,29.092295,29.0823,29.1023,0.003344,-0.0067,0.0133,0.0,0.997822,0.000303,0.082816,-0.005152,-0.001028,0.000303,0.082816,-0.000927,0.474424,0.474424
72.0,21,0.057534,0.72,-0.33023,100.172752,0.464735,28.095935,28.0859,28.1059,0.004111,-0.0059,0.0141,-0.0,0.99758,0.000376,0.100532,-0.005463,-0.00127,0.000376,0.100532,-0.001101,0.464735,0.464735
73.0,21,0.057534,0.73,-0.316437,100.172752,0.455217,27.099767,27.0898,27.1098,0.005071,-0.0049,0.0151,0.0,0.997276,0.000467,0.122254,-0.00581,-0.001574,0.000467,0.122254,-0.001311,0.455217,0.455217
74.0,21,0.057534,0.74,-0.302831,100.172752,0.445866,26.103842,26.0938,26.1138,0.006274,-0.0037,0.0163,-0.0,0.996896,0.00058,0.148904,-0.006199,-0.001954,0.00058,0.148904,-0.001564,0.445866,0.445866
75.0,21,0.057534,0.75,-0.289408,100.172752,0.436677,25.108227,25.0982,25.1182,0.007786,-0.0022,0.0178,0.0,0.996417,0.000723,0.181613,-0.006638,-0.002433,0.000723,0.181613,-0.001867,0.436677,0.436677
76.0,21,0.057534,0.76,-0.276163,100.172752,0.427645,24.113006,24.103,24.123,0.009692,-0.0003,0.0197,0.0,0.995815,0.000901,0.221758,-0.00714,-0.003035,0.000901,0.221758,-0.002232,0.427645,0.427645
77.0,21,0.057534,0.77,-0.263091,100.172752,0.418765,23.118284,23.1083,23.1283,0.012098,0.0021,0.0221,-0.0,0.995055,0.001125,0.271018,-0.007714,-0.003794,0.001125,0.271018,-0.002669,0.418765,0.418765
78.0,21,0.057534,0.78,-0.250187,100.172752,0.410034,22.1242,22.1142,22.1342,0.015141,0.0051,0.0251,0.0,0.994098,0.001405,0.331421,-0.008376,-0.004752,0.001405,0.331421,-0.003194,0.410034,0.410034
79.0,21,0.057534,0.79,-0.237448,100.172752,0.401446,21.130928,21.1209,21.1409,0.018997,0.009,0.029,-0.0,0.992889,0.001755,0.405405,-0.009141,-0.005961,0.001755,0.405405,-0.003823,0.401446,0.401446
80.0,21,0.057534,0.8,-0.22487,100.172752,0.392998,20.138694,20.1287,20.1487,0.02389,0.0139,0.0339,0.0,0.991364,0.002193,0.495878,-0.010029,-0.007486,0.002193,0.495878,-0.004575,0.392998,0.392998
81.0,21,0.057534,0.81,-0.212447,100.172752,0.384686,19.147784,19.1378,19.1578,0.030108,0.0201,0.0401,0.0,0.989437,0.002739,0.606278,-0.011062,-0.009413,0.002739,0.606278,-0.005472,0.384686,0.384686
82.0,21,0.057534,0.82,-0.200177,100.172752,0.376507,18.158564,18.1486,18.1686,0.038015,0.028,0.048,0.0,0.987006,0.003419,0.740621,-0.012264,-0.011844,0.003419,0.740621,-0.006537,0.376507,0.376507
83.0,21,0.057534,0.83,-0.188056,100.172752,0.368456,17.171499,17.1615,17.1815,0.048078,0.0381,0.0581,-0.0,0.98394,0.004262,0.903531,-0.013661,-0.01491,0.004262,0.903531,-0.007797,0.368456,0.368456
84.0,21,0.057534,0.84,-0.176079,100.172752,0.360531,16.187182,16.1753,16.1991,0.060888,0.049,0.0728,0.0,0.980079,0.005304,1.10024,-0.015283,-0.018771,0.005304,1.10024,-0.009282,0.360531,0.360531
85.0,21,0.057534,0.85,-0.164245,100.172752,0.352727,15.206361,15.1922,15.2205,0.077194,0.0631,0.0913,0.0,0.975226,0.006586,1.33653,-0.017157,-0.023624,0.006586,1.33653,-0.01102,0.352727,0.352727
86.0,21,0.057534,0.86,-0.152549,100.172752,0.345042,14.229981,14.2132,14.2467,0.097941,0.0812,0.1147,-0.0,0.969141,0.008153,1.618601,-0.019314,-0.029709,0.008153,1.618601,-0.01304,0.345042,0.345042
87.0,21,0.057534,0.87,-0.140988,100.172752,0.337473,13.259226,13.2395,13.279,0.124314,0.1045,0.1441,0.0,0.961535,0.010058,1.952825,-0.021778,-0.037315,0.010058,1.952825,-0.015367,0.337473,0.337473
88.0,21,0.057534,0.88,-0.129559,100.172752,0.330017,12.295574,12.2724,12.3188,0.157789,0.1346,0.181,0.0,0.952062,0.012352,2.345355,-0.02457,-0.046788,0.012352,2.345355,-0.018023,0.330017,0.330017
89.0,21,0.057534,0.89,-0.11826,100.172752,0.322671,11.340853,11.3137,11.368,0.200196,0.1731,0.2273,-0.0,0.940321,0.015091,2.801547,-0.027698,-0.058529,0.015091,2.801547,-0.021015,0.322671,0.322671
90.0,21,0.057534,0.9,-0.107087,100.172752,0.315432,10.397308,10.3658,10.4288,0.253779,0.2223,0.2852,-0.0,0.925848,0.018322,3.325154,-0.031158,-0.073002,0.018322,3.325154,-0.024338,0.315432,0.315432
91.0,21,0.057534,0.91,-0.096037,100.172752,0.308297,9.467668,9.4314,9.5039,0.321266,0.285,0.3575,-0.0,0.908124,0.022085,3.917283,-0.034922,-0.090726,0.022085,3.917283,-0.027965,0.308297,0.308297
92.0,21,0.057534,0.92,-0.085108,100.172752,0.301265,8.555207,8.5139,8.5966,0.405932,0.3646,0.4473,-0.0,0.886585,0.026395,4.575093,-0.038932,-0.112265,0.026395,4.575093,-0.031839,0.301265,0.301265
93.0,21,0.057534,0.93,-0.074297,100.172752,0.294332,7.663799,7.6171,7.7105,0.511652,0.4649,0.5584,0.0,0.860639,0.031241,5.290319,-0.043098,-0.138211,0.031241,5.290319,-0.035868,0.294332,0.294332
94.0,21,0.057534,0.94,-0.063601,100.172752,0.287496,6.797955,6.7458,6.8501,0.642935,0.5908,0.6951,0.0,0.829705,0.036562,6.047712,-0.047286,-0.169145,0.036562,6.047712,-0.039919,0.287496,0.287496
95.0,21,0.057534,0.95,-0.053019,100.172752,0.280755,5.962818,5.9053,6.0203,0.804925,0.7475,0.8624,0.0,0.793257,0.042244,6.823629,-0.051317,-0.205593,0.042244,6.823629,-0.043813,0.280755,0.280755
96.0,21,0.057534,0.96,-0.042548,100.172752,0.274106,5.164109,5.1017,5.2265,1.003344,0.941,1.0657,-0.0,0.750887,0.048097,7.585097,-0.054967,-0.247963,0.048097,7.585097,-0.047327,0.274106,0.274106
97.0,21,0.057534,0.97,-0.032185,100.172752,0.267549,4.408009,4.3415,4.4745,1.244371,1.1778,1.3109,-0.0,0.702386,0.053853,8.28978,-0.057977,-0.296464,0.053853,8.28978,-0.0502,0.267549,0.267549
98.0,21,0.057534,0.98,-0.021929,100.172752,0.261079,3.700946,3.6313,3.7706,1.534436,1.4648,1.604,0.0,0.647831,0.059166,8.887356,-0.060063,-0.351019,0.059166,8.887356,-0.05215,0.261079,0.261079
99.0,21,0.057534,0.99,-0.011776,100.172752,0.254696,3.04929,2.9781,3.1205,1.879907,1.8087,1.9511,0.0,0.587676,0.06362,9.32277,-0.060948,-0.411174,0.06362,9.32277,-0.052898,0.254696,0.254696
100.0,21,0.057534,1.0,-0.001726,100.172752,0.248397,2.458943,2.3878,2.53,2.286687,2.2156,2.3578,0.0,0.522826,0.066765,9.541657,-0.060392,-0.476024,0.066765,9.541657,-0.052206,0.248397,0.248397
101.0,21,0.057534,1.01,0.008224,100.172752,0.242181,1.934846,1.8658,2.0039,2.759718,2.6907,2.8287,0.0,0.454677,0.068164,9.497814,-0.058239,-0.544173,0.068164,9.497814,-0.049916,0.242181,0.242181
102.0,21,0.057534,1.02,0.018077,100.172752,0.236046,1.480447,1.4156,1.5453,3.302447,3.2376,3.3673,0.0,0.385098,0.067463,9.162002,-0.054454,-0.613752,0.067463,9.162002,-0.045995,0.236046,0.236046
103.0,21,0.057534,1.03,0.027833,100.172752,0.22999,1.097186,1.0383,1.156,3.916312,3.8575,3.9752,0.0,0.316337,0.064468,8.530565,-0.049163,-0.682513,0.064468,8.530565,-0.040567,0.22999,0.22999
104.0,21,0.057534,1.04,0.037495,100.172752,0.224011,0.784088,0.7328,0.8354,4.600342,4.5491,4.6516,0.0,0.250839,0.059214,7.631696,-0.042659,-0.748011,0.059214,7.631696,-0.033926,0.224011,0.224011
105.0,21,0.057534,1.05,0.047064,100.172752,0.218107,0.537573,0.4949,0.5803,5.350955,5.3082,5.3937,0.0,0.190987,0.052013,6.526887,-0.03539,-0.807863,0.052013,6.526887,-0.026521,0.218107,0.218107
106.0,21,0.057534,1.06,0.056543,100.172752,0.212278,0.351551,0.3178,0.3853,6.16206,6.1283,6.1958,0.0,0.138797,0.043441,5.305588,-0.027908,-0.860053,0.043441,5.305588,-0.018903,0.212278,0.212278
107.0,21,0.057534,1.07,0.065933,100.172752,0.206521,0.217852,0.1926,0.2431,7.025489,7.0003,7.0507,0.0,0.09563,0.034276,4.07265,-0.020782,-0.90322,0.034276,4.07265,-0.01164,0.206521,0.206521
108.0,21,0.057534,1.08,0.075235,100.172752,0.200835,0.126975,0.1093,0.1446,7.931738,7.9141,7.9494,0.0,0.061992,0.025361,2.930452,-0.014505,-0.936858,0.025361,2.930452,-0.005226,0.200835,0.200835
109.0,21,0.057534,1.09,0.084452,100.172752,0.195219,0.069018,0.0575,0.0805,8.870909,8.8594,8.8824,0.0,0.037485,0.017451,1.96007,-0.009409,-0.961365,0.017451,1.96007,6e-06,0.195219,0.195219
110.0,21,0.057534,1.1,0.093584,100.172752,0.18967,0.034649,0.0246,0.0446,9.833668,9.8237,9.8437,0.0,0.020938,0.011062,1.207127,-0.005619,-0.977912,0.011062,1.207127,0.003933,0.18967,0.18967
111.0,21,0.057534,1.11,0.102634,100.172752,0.184188,0.01589,0.0059,0.0259,10.812036,10.802,10.822,0.0,0.010684,0.00639,0.677119,-0.003055,-0.988166,0.00639,0.677119,0.006634,0.184188,0.184188
112.0,21,0.057534,1.12,0.111603,100.172752,0.178772,0.006573,-0.0034,0.0166,11.799847,11.7898,11.8098,0.0,0.004917,0.003322,0.341681,-0.001494,-0.993933,0.003322,0.341681,0.008331,0.178772,0.178772
113.0,21,0.057534,1.13,0.120492,100.172752,0.173419,0.002418,-0.0076,0.0124,12.792819,12.7828,12.8028,-0.0,0.002012,0.001533,0.152915,-0.000648,-0.996838,0.001533,0.152915,0.009314,0.173419,0.173419
114.0,21,0.057534,1.14,0.129302,100.172752,0.16813,0.000778,-0.0092,0.0108,13.788306,13.7783,13.7983,0.0,0.00072,0.000617,0.059713,-0.000245,-0.99813,0.000617,0.059713,0.009854,0.16813,0.16813
115.0,21,0.057534,1.15,0.138036,100.172752,0.162901,0.000215,-0.0098,0.0102,14.78487,14.7749,14.7949,-0.0,0.000221,0.000213,0.019967,-7.9e-05,-0.998629,0.000213,0.019967,0.010156,0.162902,0.162902
116.0,21,0.057534,1.16,0.146694,100.172752,0.157734,5e-05,-0.01,0.01,15.781833,15.7718,15.7918,0.0,5.7e-05,6.2e-05,0.005594,-2.1e-05,-0.998793,6.2e-05,0.005594,0.01035,,
117.0,21,0.057534,1.17,0.155278,100.172752,0.152625,9e-06,-0.01,0.01,16.77892,16.7689,16.7889,0.0,1.2e-05,1.5e-05,0.001281,-5e-06,-0.998838,1.5e-05,0.001281,0.010503,,
118.0,21,0.057534,1.18,0.163788,100.172752,0.147574,1e-06,-0.01,0.01,17.776039,17.766,17.786,0.0,2e-06,3e-06,0.000233,-1e-06,-0.998848,3e-06,0.000233,0.010644,,
119.0,21,0.057534,1.19,0.172227,100.172752,0.14258,0.0,-0.01,0.01,18.773166,18.7632,18.7832,0.0,0.0,0.0,3.2e-05,-0.0,-0.99885,0.0,3.2e-05,0.010781,,
120.0,21,0.057534,1.2,0.180596,100.172752,0.137643,0.0,-0.01,0.01,19.770293,19.7603,19.7803,0.0,0.0,0.0,3e-06,-0.0,-0.99885,0.0,3e-06,0.010918,,
121.0,21,0.057534,1.21,0.188894,100.172752,0.132759,0.0,-0.01,0.01,20.76742,20.7574,20.7774,0.0,0.0,0.0,0.0,-0.0,-0.99885,0.0,0.0,0.011055,,
122.0,21,0.057534,1.22,0.197125,100.172752,0.12793,0.0,-0.01,0.01,21.764548,21.7545,21.7745,-0.0,0.0,0.0,0.0,-0.0,-0.99885,0.0,0.0,0.011191,,
123.0,21,0.057534,1.23,0.205288,100.172752,0.123154,0.0,-0.01,0.01,22.761675,22.7517,22.7717,-0.0,0.0,0.0,0.0,-0.0,-0.99885,0.0,0.0,0.011328,,
124.0,21,0.057534,1.24,0.213385,100.172752,0.118429,0.0,-0.01,0.01,23.758803,23.7488,23.7688,-0.0,0.0,0.0,0.0,-0.0,-0.99885,0.0,0.0,0.011464,,
125.0,21,0.057534,1.25,0.221418,100.172752,0.113755,0.0,-0.01,0.01,24.75593,24.7459,24.7659,0.0,0.0,0.0,0.0,-0.0,-0.99885,0.0,0.0,0.011601,,
126.0,21,0.057534,1.26,0.229386,100.172752,0.109132,0.0,-0.01,0.01,25.753057,25.7431,25.7631,0.0,0.0,0.0,0.0,-0.0,-0.99885,0.0,0.0,0.011738,,
127.0,21,0.057534,1.27,0.237291,100.172752,0.104557,0.0,-0.01,0.01,26.750185,26.7402,26.7602,0.0,0.0,0.0,0.0,-0.0,-0.99885,0.0,0.0,0.011874,,
128.0,21,0.057534,1.28,0.245134,100.172752,0.100031,0.0,-0.01,0.01,27.747312,27.7373,27.7573,0.0,0.0,0.0,0.0,-0.0,-0.99885,0.0,0.0,0.012011,,
129.0,21,0.057534,1.29,0.252916,100.172752,0.095551,0.0,-0.01,0.01,28.74444,28.7344,28.7544,0.0,0.0,0.0,0.0,-0.0,-0.99885,0.0,0.0,0.012147,,
130.0,21,0.057534,1.3,0.260638,100.172752,0.091119,0.0,-0.01,0.01,29.741567,29.7316,29.7516,0.0,0.0,0.0,0.0,-0.0,-0.99885,0.0,0.0,0.012284,,
70.0,42,0.115068,0.7,-0.360127,100.345802,0.408861,30.18878,30.1788,30.1988,0.017069,0.0071,0.0271,0.0,0.993871,0.000821,0.386446,-0.005914,-0.00383,0.000821,0.386446,-0.001847,0.408861,0.408861
71.0,42,0.115068,0.71,-0.345942,100.345802,0.401587,29.197669,29.1877,29.2077,0.020221,0.0102,0.0302,-0.0,0.993153,0.000975,0.450695,-0.006318,-0.004549,0.000975,0.450695,-0.002115,0.401587,0.401587
72.0,42,0.115068,0.72,-0.331956,100.345802,0.394455,28.207183,28.1972,28.2172,0.023998,0.014,0.034,0.0,0.992293,0.001158,0.525829,-0.006761,-0.005408,0.001158,0.525829,-0.002421,0.394455,0.394455
73.0,42,0.115068,0.73,-0.318163,100.345802,0.387458,27.21745,27.2075,27.2275,0.028528,0.0185,0.0385,0.0,0.991265,0.001376,0.613616,-0.007249,-0.006437,0.001376,0.613616,-0.002774,0.387458,0.387458
74.0,42,0.115068,0.74,-0.304557,100.345802,0.380595,26.228625,26.2186,26.2386,0.033967,0.024,0.044,-0.0,0.990034,0.001635,0.716067,-0.007789,-0.007667,0.001635,0.716067,-0.003177,0.380595,0.380595
75.0,42,0.115068,0.75,-0.291134,100.345802,0.37386,25.240895,25.2309,25.2509,0.0405,0.0305,0.0505,-0.0,0.988562,0.001942,0.83546,-0.008386,-0.00914,0.001942,0.83546,-0.003638,0.37386,0.37386
76.0,42,0.115068,0.76,-0.277889,100.345802,0.367249,24.254484,24.2437,24.2652,0.048352,0.0376,0.0591,-0.0,0.986801,0.002306,0.974357,-0.009048,-0.010901,0.002306,0.974357,-0.004164,0.367249,0.367249
77.0,42,0.115068,0.77,-0.264817,100.345802,0.360759,23.269662,23.2574,23.282,0.057793,0.0455,0.0701,-0.0,0.984696,0.002736,1.135607,-0.009783,-0.013006,0.002736,1.135607,-0.004762,0.360759,0.360759
78.0,42,0.115068,0.78,-0.251913,100.345802,0.354387,22.286752,22.2727,22.3008,0.069146,0.0551,0.0832,-0.0,0.982181,0.003243,1.322352,-0.010599,-0.01552,0.003243,1.322352,-0.005442,0.354387,0.354387
79.0,42,0.115068,0.79,-0.239174,100.345802,0.348128,21.306143,21.2901,21.3222,0.0828,0.0667,0.0989,0.0,0.979181,0.003839,1.538009,-0.011504,-0.01852,0.003839,1.538009,-0.006211,0.348128,0.348128
80.0,42,0.115068,0.8,-0.226596,100.345802,0.34198,20.328296,20.31,20.3466,0.099216,0.0809,0.1175,-0.0,0.975606,0.004539,1.786239,-0.012506,-0.022095,0.004539,1.786239,-0.007077,0.34198,0.34198
81.0,42,0.115068,0.81,-0.214173,100.345802,0.335939,19.353764,19.3329,19.3746,0.118947,0.0981,0.1398,0.0,0.971353,0.005357,2.07089,-0.013615,-0.026348,0.005357,2.07089,-0.008049,0.335939,0.335939
82.0,42,0.115068,0.82,-0.201903,100.345802,0.330003,18.3832,18.3595,18.4069,0.142646,0.1189,0.1664,0.0,0.966302,0.00631,2.395907,-0.014837,-0.031399,0.00631,2.395907,-0.009135,0.330003,0.330003
83.0,42,0.115068,0.83,-0.189782,100.345802,0.324168,17.417379,17.3905,17.4443,0.171088,0.1442,0.198,-0.0,0.960318,0.007413,2.765209,-0.016178,-0.037383,0.007413,2.765209,-0.010341,0.324168,0.324168
84.0,42,0.115068,0.84,-0.177805,100.345802,0.318432,16.457211,16.4268,16.4876,0.205184,0.1748,0.2356,-0.0,0.953246,0.008686,3.182511,-0.017645,-0.044455,0.008686,3.182511,-0.011671,0.318432,0.318432
85.0,42,0.115068,0.85,-0.165971,100.345802,0.312792,15.503766,15.4695,15.538,0.246001,0.2117,0.2803,0.0,0.944913,0.010144,3.651102,-0.019238,-0.052788,0.010144,3.651102,-0.013128,0.312792,0.312792
86.0,42,0.115068,0.86,-0.154275,100.345802,0.307246,14.558287,14.5198,14.5968,0.294786,0.2563,0.3333,0.0,0.935127,0.011805,4.173557,-0.020957,-0.062574,0.011805,4.173557,-0.014711,0.307246,0.307246
87.0,42,0.115068,0.87,-0.142714,100.345802,0.30179,13.622218,13.5792,13.6652,0.352979,0.31,0.396,-0.0,0.923679,0.013682,4.751391,-0.022796,-0.074023,0.013682,4.751391,-0.016414,0.30179,0.30179
88.0,42,0.115068,0.88,-0.131285,100.345802,0.296423,12.697216,12.6493,12.7451,0.422241,0.3744,0.4701,-0.0,0.910341,0.015787,5.384646,-0.024745,-0.08736,0.015787,5.384646,-0.018226,0.296423,0.296423
89.0,42,0.115068,0.89,-0.119986,100.345802,0.291143,11.785178,11.7321,11.8382,0.504466,0.4514,0.5575,-0.0,0.894876,0.018123,6.071434,-0.026784,-0.102825,0.018123,6.071434,-0.020129,0.291143,0.291143
90.0,42,0.115068,0.9,-0.108813,100.345802,0.285946,10.888246,10.8298,10.9466,0.601796,0.5434,0.6602,0.0,0.877039,0.020689,6.807423,-0.02889,-0.120662,0.020689,6.807423,-0.022099,0.285946,0.285946
91.0,42,0.115068,0.91,-0.097763,100.345802,0.280832,10.008821,9.9449,10.0727,0.716635,0.6527,0.7805,-0.0,0.856586,0.023473,7.585335,-0.031029,-0.141115,0.023473,7.585335,-0.024102,0.280832,0.280832
92.0,42,0.115068,0.92,-0.086834,100.345802,0.275797,9.149564,9.0801,9.219,0.851641,0.7822,0.9211,0.0,0.833283,0.026451,8.394452,-0.033157,-0.164418,0.026451,8.394452,-0.026093,0.275797,0.275797
93.0,42,0.115068,0.93,-0.076023,100.345802,0.270841,8.313385,8.2385,8.3883,1.009725,0.9348,1.0846,-0.0,0.80692,0.029585,9.220213,-0.035222,-0.190782,0.029585,9.220213,-0.028022,0.270841,0.270841
94.0,42,0.115068,0.94,-0.065327,100.345802,0.26596,7.50342,7.4233,7.5836,1.194023,1.1139,1.2742,-0.0,0.777326,0.03282,10.043965,-0.037162,-0.220376,0.03282,10.043965,-0.029826,0.26596,0.26596
95.0,42,0.115068,0.95,-0.054745,100.345802,0.261154,6.722992,6.638,6.8079,1.407858,1.3229,1.4928,0.0,0.744386,0.036082,10.842945,-0.038908,-0.253315,0.036082,10.842945,-0.031436,0.261154,0.261154
96.0,42,0.115068,0.96,-0.044274,100.345802,0.25642,5.975552,5.8864,6.0647,1.654682,1.5655,1.7438,0.0,0.708063,0.039282,11.590573,-0.040383,-0.289638,0.039282,11.590573,-0.032774,0.25642,0.25642
97.0,42,0.115068,0.97,-0.033911,100.345802,0.251756,5.264602,5.172,5.3572,1.937994,1.8454,2.0306,0.0,0.668414,0.042311,12.25716,-0.041509,-0.329287,0.042311,12.25716,-0.033764,0.251756,0.251756
98.0,42,0.115068,0.98,-0.023655,100.345802,0.247162,4.593589,4.4986,4.6886,2.261245,2.1663,2.3562,0.0,0.625611,0.045045,12.811074,-0.042208,-0.37209,0.045045,12.811074,-0.034327,0.247162,0.247162
99.0,42,0.115068,0.99,-0.013502,100.345802,0.242635,3.965792,3.8696,4.062,2.627711,2.5315,2.7239,0.0,0.579957,0.047352,13.220413,-0.042411,-0.417744,0.047352,13.220413,-0.034394,0.242635,0.242635
100.0,42,0.115068,1.0,-0.003452,100.345802,0.238174,3.384175,3.288,3.4803,3.040356,2.9442,3.1365,-0.0,0.531898,0.049095,13.455146,-0.042059,-0.465803,0.049095,13.455146,-0.033906,0.238174,0.238174
101.0,42,0.115068,1.01,0.006498,100.345802,0.233777,2.85124,2.7566,2.9458,3.501685,3.4071,3.5963,0.0,0.482022,0.050147,13.489641,-0.041114,-0.51568,0.050147,13.489641,-0.032824,0.233777,0.233777
102.0,42,0.115068,1.02,0.016351,100.345802,0.229443,2.368875,2.2773,2.4605,4.013584,3.922,4.1052,0.0,0.431055,0.050396,13.305375,-0.039562,-0.566646,0.050396,13.305375,-0.031136,0.229443,0.229443
103.0,42,0.115068,1.03,0.026107,100.345802,0.22517,1.938208,1.8511,2.0253,4.577179,4.4901,4.6643,-0.0,0.37984,0.049763,12.893573,-0.037419,-0.617861,0.049763,12.893573,-0.028857,0.22517,0.22517
104.0,42,0.115068,1.04,0.035769,100.345802,0.220957,1.55948,1.4782,1.6407,5.192714,5.1115,5.274,0.0,0.329304,0.04821,12.257406,-0.034735,-0.668398,0.04821,12.257406,-0.026037,0.220957,0.220957
105.0,42,0.115068,1.05,0.045338,100.345802,0.216803,1.231964,1.1577,1.3062,5.859462,5.7852,5.9337,0.0,0.280409,0.04575,11.413368,-0.031594,-0.717292,0.04575,11.413368,-0.02276,0.216803,0.216803
106.0,42,0.115068,1.06,0.054817,100.345802,0.212707,0.953926,0.8876,1.0202,6.575687,6.5094,6.642,0.0,0.234103,0.042456,10.391472,-0.028107,-0.763599,0.042456,10.391472,-0.019137,0.212707,0.212707
107.0,42,0.115068,1.07,0.064207,100.345802,0.208666,0.722648,0.6648,0.7805,7.338671,7.2809,7.3965,-0.0,0.191247,0.038457,9.233981,-0.024411,-0.806455,0.038457,9.233981,-0.015305,0.208666,0.208666
108.0,42,0.115068,1.08,0.073509,100.345802,0.204681,0.534519,0.4854,0.5836,8.144806,8.0957,8.1939,-0.0,0.152563,0.033935,7.992596,-0.020656,-0.845138,0.033935,7.992596,-0.011413,0.204681,0.204681
109.0,42,0.115068,1.09,0.082726,100.345802,0.20075,0.385197,0.3447,0.4257,8.989747,8.9493,9.0302,0.0,0.118576,0.029109,6.724256,-0.016992,-0.879125,0.029109,6.724256,-0.007613,0.20075,0.20075
110.0,42,0.115068,1.1,0.091858,100.345802,0.196871,0.269815,0.2374,0.3022,9.868627,9.8362,9.901,-0.0,0.089575,0.024217,5.485989,-0.013557,-0.908126,0.024217,5.485989,-0.004042,0.196871,0.196871
111.0,42,0.115068,1.11,0.100908,100.345802,0.193043,0.183234,0.1582,0.2083,10.77631,10.7512,10.8014,-0.0,0.065598,0.019491,4.329489,-0.010464,-0.932104,0.019491,4.329489,-0.000812,0.193043,0.193043
112.0,42,0.115068,1.12,0.109877,100.345802,0.189266,0.120312,0.1016,0.139,11.707651,11.6889,11.7264,0.0,0.046439,0.015135,3.296237,-0.007792,-0.951262,0.015135,3.296237,0.001995,0.189266,0.189266
113.0,42,0.115068,1.13,0.118766,100.345802,0.185539,0.076152,0.0627,0.0896,12.657754,12.6443,12.6712,-0.0,0.031686,0.011307,2.413982,-0.005582,-0.966016,0.011307,2.413982,0.004342,0.185539,0.185539
114.0,42,0.115068,1.14,0.127576,100.345802,0.18186,0.046315,0.0363,0.0563,13.62218,13.6122,13.6322,-0.0,0.020769,0.008101,1.695168,-0.003834,-0.976933,0.008101,1.695168,0.006226,0.18186,0.18186
115.0,42,0.115068,1.15,0.13631,100.345802,0.178229,0.026972,0.017,0.037,14.597101,14.5871,14.6071,0.0,0.013031,0.005547,1.13755,-0.002517,-0.98467,0.005547,1.13755,0.007679,0.178229,0.178229
116.0,42,0.115068,1.16,0.144968,100.345802,0.174644,0.014984,0.005,0.025,15.579375,15.5694,15.5894,-0.0,0.007798,0.003617,0.726772,-0.001573,-0.989904,0.003617,0.726772,0.008759,0.174644,0.174644
117.0,42,0.115068,1.17,0.153552,100.345802,0.171104,0.007908,-0.0021,0.0179,16.566562,16.5566,16.5766,-0.0,0.004431,0.002236,0.440302,-0.000932,-0.99327,0.002236,0.440302,0.009536,0.171104,0.171104
118.0,42,0.115068,1.18,0.162062,100.345802,0.167609,0.003947,-0.0061,0.0139,17.556865,17.5469,17.5669,-0.0,0.002381,0.001306,0.251844,-0.000522,-0.99532,0.001306,0.251844,0.010083,0.167609,0.167609
119.0,42,0.115068,1.19,0.170501,100.345802,0.164158,0.001854,-0.0081,0.0119,18.549035,18.539,18.559,-0.0,0.001204,0.000717,0.135358,-0.000274,-0.996497,0.000717,0.135358,0.010467,0.164158,0.164158
120.0,42,0.115068,1.2,0.17887,100.345802,0.16075,0.000816,-0.0092,0.0108,19.542259,19.5323,19.5523,-0.0,0.00057,0.000368,0.068009,-0.000135,-0.997132,0.000368,0.068009,0.010742,0.16075,0.16075
121.0,42,0.115068,1.21,0.187168,100.345802,0.157384,0.000334,-0.0097,0.0103,20.536041,20.526,20.546,0.0,0.000251,0.000175,0.031764,-6.2e-05,-0.99745,0.000175,0.031764,0.010952,0.157384,0.157384
122.0,42,0.115068,1.22,0.195399,100.345802,0.15406,0.000127,-0.0099,0.0101,21.530097,21.5201,21.5401,-0.0,0.000102,7.7e-05,0.013707,-2.6e-05,-0.997599,7.7e-05,0.013707,0.011124,0.15406,0.15406
123.0,42,0.115068,1.23,0.203562,100.345802,0.150776,4.4e-05,-0.01,0.01,22.524277,22.5143,22.5343,0.0,3.8e-05,3.1e-05,0.005429,-1e-05,-0.997663,3.1e-05,0.005429,0.011276,,
124.0,42,0.115068,1.24,0.211659,100.345802,0.147531,1.4e-05,-0.01,0.01,23.51851,23.5085,23.5285,-0.0,1.3e-05,1.2e-05,0.001959,-4e-06,-0.997688,1.2e-05,0.001959,0.011418,,
125.0,42,0.115068,1.25,0.219691,100.345802,0.144326,4e-06,-0.01,0.01,24.512763,24.5028,24.5228,0.0,4e-06,4e-06,0.000639,-1e-06,-0.997697,4e-06,0.000639,0.011557,,
126.0,42,0.115068,1.26,0.22766,100.345802,0.141159,1e-06,-0.01,0.01,25.507023,25.497,25.517,0.0,1e-06,1e-06,0.000187,-0.0,-0.9977,1e-06,0.000187,0.011694,,
127.0,42,0.115068,1.27,0.235565,100.345802,0.13803,0.0,-0.01,0.01,26.501286,26.4913,26.5113,0.0,0.0,0.0,4.8e-05,-0.0,-0.997701,0.0,4.8e-05,0.011831,,
128.0,42,0.115068,1.28,0.243408,100.345802,0.134937,0.0,-0.01,0.01,27.495549,27.4855,27.5055,0.0,0.0,0.0,1.1e-05,-0.0,-0.997701,0.0,1.1e-05,0.011967,,
129.0,42,0.115068,1.29,0.25119,100.345802,0.131881,0.0,-0.01,0.01,28.489812,28.4798,28.4998,-0.0,0.0,0.0,2e-06,-0.0,-0.997701,0.0,2e-06,0.012103,,
130.0,42,0.115068,1.3,0.258912,100.345802,0.12886,0.0,-0.01,0.01,29.484075,29.4741,29.4941,0.0,0.0,0.0,0.0,-0.0,-0.997701,0.0,0.0,0.012239,,
70.0,63,0.172603,0.7,-0.361853,100.519151,0.371407,30.297938,30.2879,30.3079,0.041038,0.031,0.051,0.0,0.988868,0.001371,0.878785,-0.006568,-0.007686,0.001371,0.878785,-0.002522,0.371407,0.371407
71.0,63,0.172603,0.71,-0.347668,100.519151,0.365279,29.313168,29.3022,29.3242,0.047675,0.0367,0.0587,-0.0,0.987614,0.001592,1.003453,-0.007011,-0.00894,0.001592,1.003453,-0.002829,0.365279,0.365279
72.0,63,0.172603,0.72,-0.333682,100.519151,0.359276,28.32954,28.3172,28.3419,0.055454,0.0431,0.0678,0.0,0.98615,0.001847,1.145653,-0.007491,-0.010404,0.001847,1.145653,-0.003174,0.359276,0.359276
73.0,63,0.172603,0.73,-0.319889,100.519151,0.353395,27.347252,27.3334,27.3611,0.064573,0.0507,0.0784,0.0,0.984441,0.002144,1.307608,-0.008013,-0.012113,0.002144,1.307608,-0.003559,0.353395,0.353395
74.0,63,0.172603,0.74,-0.306283,100.519151,0.34763,26.366539,26.351,26.3821,0.075267,0.0597,0.0908,-0.0,0.982446,0.002486,1.491739,-0.008579,-0.014108,0.002486,1.491739,-0.003989,0.34763,0.34763
75.0,63,0.172603,0.75,-0.29286,100.519151,0.34198,25.387673,25.3702,25.4051,0.087808,0.0704,0.1053,0.0,0.98012,0.002881,1.700663,-0.009194,-0.016434,0.002881,1.700663,-0.004469,0.34198,0.34198
76.0,63,0.172603,0.76,-0.279615,100.519151,0.336439,24.410974,24.3914,24.4305,0.102516,0.083,0.1221,0.0,0.97741,0.003336,1.937175,-0.009862,-0.019144,0.003336,1.937175,-0.005001,0.336439,0.336439
77.0,63,0.172603,0.77,-0.266543,100.519151,0.331006,23.436812,23.4149,23.4587,0.119761,0.0979,0.1416,0.0,0.974256,0.003858,2.204225,-0.010588,-0.022298,0.003858,2.204225,-0.005591,0.331006,0.331006
78.0,63,0.172603,0.78,-0.253639,100.519151,0.325676,22.465618,22.4411,22.4901,0.139974,0.1155,0.1644,-0.0,0.97059,0.004456,2.504871,-0.011374,-0.025964,0.004456,2.504871,-0.006242,0.325676,0.325676
79.0,63,0.172603,0.79,-0.2409,100.519151,0.320446,21.497892,21.4706,21.5252,0.163655,0.1363,0.191,0.0,0.966335,0.005139,2.842232,-0.012226,-0.030219,0.005139,2.842232,-0.006958,0.320446,0.320446
80.0,63,0.172603,0.8,-0.228322,100.519151,0.315315,20.53421,20.5038,20.5647,0.19138,0.1609,0.2218,-0.0,0.961405,0.005915,3.219402,-0.013146,-0.035149,0.005915,3.219402,-0.007741,0.315315,0.315315
81.0,63,0.172603,0.81,-0.215899,100.519151,0.310278,19.575236,19.5414,19.6091,0.223813,0.1899,0.2577,0.0,0.955705,0.006796,3.639354,-0.014136,-0.040849,0.006796,3.639354,-0.008596,0.310278,0.310278
82.0,63,0.172603,0.82,-0.203629,100.519151,0.305333,18.621731,18.5841,18.6593,0.261715,0.2241,0.2993,0.0,0.949127,0.007789,4.104812,-0.015197,-0.047427,0.007789,4.104812,-0.009521,0.305333,0.305333
83.0,63,0.172603,0.83,-0.191508,100.519151,0.300477,17.674565,17.6329,17.7162,0.305956,0.2643,0.3476,-0.0,0.941556,0.008904,4.618094,-0.016331,-0.054998,0.008904,4.618094,-0.010519,0.300477,0.300477
84.0,63,0.172603,0.84,-0.179531,100.519151,0.295709,16.734725,16.6888,16.7807,0.357523,0.3116,0.4035,0.0,0.932866,0.010151,5.180927,-0.017534,-0.063688,0.010151,5.180927,-0.011587,0.295709,0.295709
85.0,63,0.172603,0.85,-0.167697,100.519151,0.291025,15.80333,15.7527,15.8539,0.417535,0.3669,0.4681,0.0,0.922921,0.011535,5.794232,-0.018804,-0.073633,0.011535,5.794232,-0.012721,0.291025,0.291025
86.0,63,0.172603,0.86,-0.156001,100.519151,0.286424,14.881636,14.8261,14.9371,0.487248,0.4318,0.5427,-0.0,0.911578,0.013063,6.457874,-0.020134,-0.084976,0.013063,6.457874,-0.013915,0.286424,0.286424
87.0,63,0.172603,0.87,-0.14444,100.519151,0.281902,13.97105,13.9104,14.0317,0.568069,0.5074,0.6287,0.0,0.898688,0.014737,7.170399,-0.021515,-0.097866,0.014737,7.170399,-0.01516,0.281902,0.281902
88.0,63,0.172603,0.88,-0.133011,100.519151,0.277459,13.073131,13.0071,13.1391,0.661557,0.5956,0.7276,0.0,0.884097,0.016556,7.928743,-0.022935,-0.112457,0.016556,7.928743,-0.016445,0.277459,0.277459
89.0,63,0.172603,0.89,-0.121712,100.519151,0.273091,12.189601,12.1181,12.2611,0.769434,0.6979,0.8409,-0.0,0.867653,0.018516,8.727948,-0.024378,-0.128901,0.018516,8.727948,-0.017752,0.273091,0.273091
90.0,63,0.172603,0.9,-0.110539,100.519151,0.268798,11.322338,11.2452,11.3994,0.893577,0.8165,0.9707,0.0,0.849208,0.020607,9.560883,-0.025825,-0.147346,0.020607,9.560883,-0.019063,0.268798,0.268798
91.0,63,0.172603,0.91,-0.099489,100.519151,0.264576,10.473376,10.3907,10.5561,1.036023,0.9533,1.1187,-0.0,0.828623,0.022813,10.418003,-0.027252,-0.16793,0.022813,10.418003,-0.020354,0.264576,0.264576
92.0,63,0.172603,0.92,-0.08856,100.519151,0.260425,9.644896,9.5567,9.7331,1.19895,1.1108,1.2871,0.0,0.805778,0.02511,11.28717,-0.028631,-0.190776,0.02511,11.28717,-0.021597,0.260425,0.260425
93.0,63,0.172603,0.93,-0.077749,100.519151,0.256342,8.839207,8.7457,8.9327,1.384668,1.2912,1.4781,-0.0,0.780574,0.027469,12.153562,-0.029931,-0.21598,0.027469,12.153562,-0.022761,0.256342,0.256342
94.0,63,0.172603,0.94,-0.067053,100.519151,0.252325,8.058721,7.9603,8.1571,1.595589,1.4972,1.694,-0.0,0.752945,0.029849,12.999711,-0.031118,-0.243609,0.029849,12.999711,-0.023812,0.252325,0.252325
95.0,63,0.172603,0.95,-0.056471,100.519151,0.248374,7.305921,7.2031,7.4088,1.834196,1.7313,1.9371,0.0,0.722867,0.032204,13.805699,-0.032155,-0.273687,0.032204,13.805699,-0.024713,0.248374,0.248374
96.0,63,0.172603,0.96,-0.046,100.519151,0.244486,6.58332,6.4766,6.69,2.103002,1.9963,2.2097,0.0,0.690364,0.034478,14.549543,-0.033004,-0.30619,0.034478,14.549543,-0.025427,0.244486,0.244486
97.0,63,0.172603,0.97,-0.035637,100.519151,0.24066,5.893407,5.7836,6.0032,2.404496,2.2947,2.5143,0.0,0.655518,0.036611,15.207793,-0.033627,-0.341036,0.036611,15.207793,-0.025914,0.24066,0.24066
98.0,63,0.172603,0.98,-0.025381,100.519151,0.236894,5.238585,5.1266,5.3506,2.741081,2.6291,2.8531,0.0,0.618476,0.038535,15.756369,-0.033989,-0.378078,0.038535,15.756369,-0.026141,0.236894,0.236894
99.0,63,0.172603,0.99,-0.015228,100.519151,0.233187,4.621109,4.508,4.7342,3.115011,3.0019,3.2281,0.0,0.579456,0.040179,16.171598,-0.034058,-0.417098,0.040179,16.171598,-0.026074,0.233187,0.233187
100.0,63,0.172603,1.0,-0.005178,100.519151,0.229538,4.043003,3.9299,4.1562,3.528313,3.4152,3.6415,0.0,0.538751,0.041474,16.431469,-0.033808,-0.457803,0.041474,16.431469,-0.025688,0.229538,0.229538
101.0,63,0.172603,1.01,0.004772,100.519151,0.225945,3.505991,3.394,3.6179,3.982708,3.8707,4.0947,0.0,0.496725,0.042353,16.517008,-0.033221,-0.499829,0.042353,16.517008,-0.024965,0.225945,0.225945
102.0,63,0.172603,1.02,0.014625,100.519151,0.222407,3.011415,2.9019,3.1209,4.479539,4.37,4.5891,0.0,0.453813,0.042757,16.413727,-0.03229,-0.542741,0.042757,16.413727,-0.023898,0.222407,0.222407
103.0,63,0.172603,1.03,0.024381,100.519151,0.218923,2.560165,2.4543,2.666,5.019696,4.9139,5.1255,0.0,0.41051,0.042642,16.113003,-0.031019,-0.586044,0.042642,16.113003,-0.022492,0.218923,0.218923
104.0,63,0.172603,1.04,0.034043,100.519151,0.215491,2.152616,2.0517,2.2536,5.603554,5.5026,5.7045,0.0,0.367358,0.041978,15.613286,-0.029427,-0.629196,0.041978,15.613286,-0.020763,0.215491,0.215491
105.0,63,0.172603,1.05,0.043612,100.519151,0.21211,1.788581,1.6936,1.8835,6.230926,6.136,6.3259,-0.0,0.324927,0.040756,14.920979,-0.027544,-0.671626,0.040756,14.920979,-0.018744,0.21211,0.21211
106.0,63,0.172603,1.06,0.053091,100.519151,0.208779,1.467281,1.3793,1.5553,6.901033,6.813,6.989,-0.0,0.283795,0.038991,14.050844,-0.025414,-0.712759,0.038991,14.050844,-0.016478,0.208779,0.208779
107.0,63,0.172603,1.07,0.062481,100.519151,0.205498,1.187344,1.107,1.2676,7.612503,7.5322,7.6928,-0.0,0.244519,0.036724,13.025842,-0.023091,-0.752035,0.036724,13.025842,-0.01402,0.205498,0.205498
108.0,63,0.172603,1.08,0.071783,100.519151,0.202264,0.946825,0.8748,1.0189,8.363391,8.2913,8.4355,-0.0,0.207614,0.034019,11.876313,-0.020641,-0.78894,0.034019,11.876313,-0.011435,0.202264,0.202264
109.0,63,0.172603,1.09,0.081,100.519151,0.199077,0.743256,0.6797,0.8068,9.151228,9.0877,9.2148,-0.0,0.173523,0.030961,10.63851,-0.018133,-0.823031,0.030961,10.63851,-0.00879,0.199077,0.199077
110.0,63,0.172603,1.1,0.090132,100.519151,0.195936,0.573719,0.5187,0.6287,9.973099,9.9181,10.0281,0.0,0.142597,0.027655,9.35254,-0.015637,-0.853956,0.027655,9.35254,-0.006159,0.195936,0.195936
111.0,63,0.172603,1.11,0.099182,100.519151,0.19284,0.434955,0.3883,0.4816,10.825742,10.7791,10.8724,-0.0,0.115077,0.024215,8.059869,-0.013222,-0.881477,0.024215,8.059869,-0.003607,0.19284,0.19284
112.0,63,0.172603,1.12,0.108151,100.519151,0.189788,0.323468,0.2847,0.3622,11.705662,11.6669,11.7444,-0.0,0.091081,0.02076,6.800618,-0.010948,-0.905472,0.02076,6.800618,-0.001198,0.189788,0.189788
113.0,63,0.172603,1.13,0.11704,100.519151,0.186779,0.235663,0.2042,0.2671,12.609264,12.5778,12.6407,-0.0,0.070607,0.017404,5.610914,-0.008866,-0.925947,0.017404,5.610914,0.00102,0.186779,0.186779
114.0,63,0.172603,1.14,0.12585,100.519151,0.183812,0.167965,0.143,0.1929,13.532973,13.508,13.5579,-0.0,0.053534,0.014249,4.520594,-0.007012,-0.94302,0.014249,4.520594,0.00301,0.183812,0.183812
115.0,63,0.172603,1.15,0.134584,100.519151,0.180886,0.116943,0.0977,0.1362,14.473358,14.4541,14.4926,-0.0,0.039638,0.011375,3.551506,-0.005408,-0.956916,0.011375,3.551506,0.004749,0.180886,0.180886
116.0,63,0.172603,1.16,0.143242,100.519151,0.178,0.079412,0.0649,0.0939,15.427234,15.4127,15.4417,-0.0,0.028617,0.008842,2.716615,-0.004062,-0.967937,0.008842,2.716615,0.006231,0.178,0.178
117.0,63,0.172603,1.17,0.151826,100.519151,0.175154,0.05251,0.0419,0.0631,16.391739,16.3811,16.4024,-0.0,0.020111,0.006682,2.019986,-0.002966,-0.976443,0.006682,2.019986,0.007463,0.175154,0.175154
118.0,63,0.172603,1.18,0.160336,100.519151,0.172347,0.033751,0.0238,0.0438,17.364386,17.3544,17.3744,-0.0,0.013734,0.0049,1.457603,-0.002102,-0.98282,0.0049,1.457603,0.008463,0.172347,0.172347
119.0,63,0.172603,1.19,0.168775,100.519151,0.169578,0.021048,0.011,0.031,18.343091,18.3331,18.3531,-0.0,0.009097,0.003481,1.018885,-0.001443,-0.987457,0.003481,1.018885,0.009258,0.169578,0.169578
120.0,63,0.172603,1.2,0.177143,100.519151,0.166846,0.012711,0.0027,0.0227,19.326161,19.3162,19.3362,0.0,0.005833,0.002391,0.688629,-0.000958,-0.990721,0.002391,0.688629,0.009878,0.166846,0.166846
121.0,63,0.172603,1.21,0.185442,100.519151,0.164151,0.007419,-0.0026,0.0174,20.312276,20.3023,20.3223,-0.0,0.003613,0.001585,0.449108,-0.000614,-0.992941,0.001585,0.449108,0.010359,0.164151,0.164151
122.0,63,0.172603,1.22,0.193673,100.519151,0.161491,0.004175,-0.0058,0.0142,21.300439,21.2904,21.3104,0.0,0.002157,0.001012,0.282034,-0.000379,-0.994397,0.001012,0.282034,0.01073,0.161491,0.161491
123.0,63,0.172603,1.23,0.201836,100.519151,0.158867,0.002261,-0.0077,0.0123,22.289932,22.2799,22.2999,0.0,0.001239,0.000621,0.170163,-0.000224,-0.995315,0.000621,0.170163,0.01102,0.158867,0.158867
124.0,63,0.172603,1.24,0.209933,100.519151,0.156277,0.001175,-0.0088,0.0112,23.280253,23.2703,23.2903,0.0,0.000682,0.000365,0.098403,-0.000127,-0.995871,0.000365,0.098403,0.011252,0.156277,0.156277
125.0,63,0.172603,1.25,0.217965,100.519151,0.15372,0.000584,-0.0094,0.0106,24.271069,24.2611,24.2811,0.0,0.00036,0.000205,0.054405,-6.9e-05,-0.996194,0.000205,0.054405,0.011446,0.15372,0.15372
126.0,63,0.172603,1.26,0.225934,100.519151,0.151197,0.000278,-0.0097,0.0103,25.262169,25.2522,25.2722,0.0,0.000181,0.00011,0.028681,-3.6e-05,-0.996373,0.00011,0.028681,0.011616,0.151197,0.151197
127.0,63,0.172603,1.27,0.233839,100.519151,0.148707,0.000126,-0.0099,0.0101,26.253424,26.2434,26.2634,0.0,8.7e-05,5.6e-05,0.014376,-1.8e-05,-0.996467,5.6e-05,0.014376,0.01177,0.148707,0.148707
128.0,63,0.172603,1.28,0.241682,100.519151,0.146248,5.4e-05,-0.0099,0.0101,27.24476,27.2348,27.2548,-0.0,3.9e-05,2.7e-05,0.006831,-8e-06,-0.996515,2.7e-05,0.006831,0.011915,,
129.0,63,0.172603,1.29,0.249464,100.519151,0.14382,2.2e-05,-0.01,0.01,28.236135,28.2261,28.2461,0.0,1.7e-05,1.2e-05,0.003067,-4e-06,-0.996537,1.2e-05,0.003067,0.012055,,
130.0,63,0.172603,1.3,0.257186,100.519151,0.141423,8e-06,-0.01,0.01,29.227528,29.2175,29.2375,0.0,7e-06,5e-06,0.001297,-2e-06,-0.996547,5e-06,0.001297,0.012193,,
70.0,126,0.345205,0.7,-0.367031,101.040998,0.315575,30.646804,30.6211,30.6726,0.136985,0.1112,0.1627,0.0,0.974129,0.002496,2.719493,-0.007214,-0.01899,0.002496,2.719493,-0.003231,0.315575,0.315575
71.0,126,0.345205,0.71,-0.352846,101.040998,0.310933,29.681303,29.6532,29.7094,0.154372,0.1263,0.1824,0.0,0.97172,0.002804,3.009279,-0.007634,-0.0214,0.002804,3.009279,-0.003516,0.310933,0.310933
72.0,126,0.345205,0.72,-0.33886,101.040998,0.306395,28.718131,28.6875,28.7487,0.174088,0.1435,0.2047,0.0,0.969003,0.003147,3.328146,-0.008077,-0.024117,0.003147,3.328146,-0.003824,0.306395,0.306395
73.0,126,0.345205,0.73,-0.325067,101.040998,0.301957,27.757596,27.7243,27.7909,0.19644,0.1631,0.2298,-0.0,0.96594,0.003529,3.678312,-0.008544,-0.027179,0.003529,3.678312,-0.004157,0.301957,0.301957
74.0,126,0.345205,0.74,-0.311461,101.040998,0.297618,26.800043,26.7638,26.8363,0.221775,0.1855,0.258,-0.0,0.962493,0.003954,4.062005,-0.009037,-0.030627,0.003954,4.062005,-0.004515,0.297618,0.297618
75.0,126,0.345205,0.75,-0.298038,101.040998,0.293373,25.845858,25.8064,25.8853,0.250479,0.211,0.2899,0.0,0.958617,0.004425,4.481418,-0.009556,-0.034503,0.004425,4.481418,-0.004899,0.293373,0.293373
76.0,126,0.345205,0.76,-0.284793,101.040998,0.289219,24.895474,24.8526,24.9383,0.282982,0.2401,0.3258,-0.0,0.954263,0.004947,4.938665,-0.010101,-0.038857,0.004947,4.938665,-0.00531,0.289219,0.289219
77.0,126,0.345205,0.77,-0.271721,101.040998,0.285154,23.949369,23.9029,23.9959,0.319766,0.2733,0.3663,-0.0,0.949381,0.005522,5.435718,-0.010673,-0.043739,0.005522,5.435718,-0.005748,0.285154,0.285154
78.0,126,0.345205,0.78,-0.258818,101.040998,0.281176,23.00808,22.9577,23.0585,0.361364,0.311,0.4118,-0.0,0.943914,0.006155,5.974342,-0.011272,-0.049205,0.006155,5.974342,-0.006212,0.281176,0.281176
79.0,126,0.345205,0.79,-0.246078,101.040998,0.27728,22.072195,22.0177,22.1267,0.408367,0.3538,0.4629,0.0,0.937804,0.006849,6.556011,-0.011898,-0.055316,0.006849,6.556011,-0.006703,0.27728,0.27728
80.0,126,0.345205,0.8,-0.2335,101.040998,0.273466,21.142368,21.0834,21.2013,0.461428,0.4025,0.5203,0.0,0.930986,0.007608,7.181819,-0.012549,-0.062133,0.007608,7.181819,-0.00722,0.273466,0.273466
81.0,126,0.345205,0.81,-0.221077,101.040998,0.269729,20.219316,20.1558,20.2829,0.521263,0.4577,0.5848,0.0,0.923395,0.008433,7.852383,-0.013225,-0.069724,0.008433,7.852383,-0.00776,0.269729,0.269729
82.0,126,0.345205,0.82,-0.208807,101.040998,0.266069,19.303824,19.2354,19.3722,0.588659,0.5203,0.657,0.0,0.914961,0.009328,8.567731,-0.013922,-0.078158,0.009328,8.567731,-0.008323,0.266069,0.266069
83.0,126,0.345205,0.83,-0.196686,101.040998,0.262483,18.396749,18.3233,18.4702,0.664472,0.591,0.7379,-0.0,0.905613,0.010294,9.327185,-0.014638,-0.087506,0.010294,9.327185,-0.008905,0.262483,0.262483
84.0,126,0.345205,0.84,-0.18471,101.040998,0.258969,17.49902,17.4203,17.5777,0.749631,0.6709,0.8283,0.0,0.895278,0.011331,10.129243,-0.015371,-0.097842,0.011331,10.129243,-0.009502,0.258969,0.258969
85.0,126,0.345205,0.85,-0.172875,101.040998,0.255524,16.611644,16.5275,16.6957,0.845143,0.761,0.9292,-0.0,0.883882,0.012438,10.971454,-0.016114,-0.109237,0.012438,10.971454,-0.010111,0.255524,0.255524
86.0,126,0.345205,0.86,-0.161179,101.040998,0.252148,15.7357,15.6461,15.8253,0.952087,0.8624,1.0417,0.0,0.871353,0.013614,11.850299,-0.016863,-0.121766,0.013614,11.850299,-0.010726,0.252148,0.252148
87.0,126,0.345205,0.87,-0.149618,101.040998,0.248837,14.872343,14.7771,14.9676,1.071617,0.9764,1.1669,-0.0,0.857621,0.014856,12.761078,-0.017613,-0.135498,0.014856,12.761078,-0.01134,0.248837,0.248837
88.0,126,0.345205,0.88,-0.13819,101.040998,0.24559,14.022798,13.9219,14.1237,1.20496,1.104,1.3059,0.0,0.842619,0.016157,13.697817,-0.018354,-0.1505,0.016157,13.697817,-0.011947,0.24559,0.24559
89.0,126,0.345205,0.89,-0.12689,101.040998,0.242406,13.188358,13.0818,13.2949,1.353408,1.2468,1.46,0.0,0.826287,0.017511,14.653186,-0.01908,-0.166832,0.017511,14.653186,-0.012539,0.242406,0.242406
90.0,126,0.345205,0.9,-0.115717,101.040998,0.239282,12.370377,12.2583,12.4825,1.518315,1.4062,1.6304,0.0,0.808572,0.018908,15.618455,-0.019781,-0.184548,0.018908,15.618455,-0.013105,0.239282,0.239282
91.0,126,0.345205,0.91,-0.104667,101.040998,0.236218,11.570263,11.4527,11.6878,1.701089,1.5836,1.8186,-0.0,0.789432,0.020337,16.583484,-0.020448,-0.203688,0.020337,16.583484,-0.013638,0.236218,0.236218
92.0,126,0.345205,0.92,-0.093738,101.040998,0.233211,10.789463,10.6668,10.9122,1.903177,1.7805,2.0259,0.0,0.768835,0.021783,17.536759,-0.02107,-0.224284,0.021783,17.536759,-0.014125,0.233211,0.233211
93.0,126,0.345205,0.93,-0.082927,101.040998,0.23026,10.029454,9.9019,10.157,2.126056,1.9985,2.2536,0.0,0.746768,0.023231,18.465478,-0.021636,-0.246352,0.023231,18.465478,-0.014556,0.23026,0.23026
94.0,126,0.345205,0.94,-0.072232,101.040998,0.227363,9.291726,9.1597,9.4237,2.371215,2.2392,2.5032,-0.0,0.723232,0.024661,19.355705,-0.022135,-0.269887,0.024661,19.355705,-0.01492,0.227363,0.227363
95.0,126,0.345205,0.95,-0.061649,101.040998,0.22452,8.577762,8.4418,8.7138,2.640139,2.5041,2.7761,-0.0,0.69825,0.026053,20.192579,-0.022555,-0.29487,0.026053,20.192579,-0.015205,0.22452,0.22452
96.0,126,0.345205,0.96,-0.051178,101.040998,0.221728,7.889019,7.7496,8.0284,2.934284,2.7949,3.0737,-0.0,0.671864,0.027384,20.960601,-0.022884,-0.321256,0.027384,20.960601,-0.0154,0.221728,0.221728
97.0,126,0.345205,0.97,-0.040815,101.040998,0.218987,7.226904,7.0847,7.3691,3.255057,3.1129,3.3972,0.0,0.644142,0.028631,21.64398,-0.023113,-0.348978,0.028631,21.64398,-0.015494,0.218987,0.218987
98.0,126,0.345205,0.98,-0.030559,101.040998,0.216296,6.592754,6.4485,6.737,3.603794,3.4596,3.748,0.0,0.615176,0.029768,22.227052,-0.023231,-0.377943,0.029768,22.227052,-0.015478,0.216296,0.216296
99.0,126,0.345205,0.99,-0.020407,101.040998,0.213652,5.987801,5.8423,6.1333,3.981729,3.8363,4.1272,0.0,0.585085,0.030771,22.694746,-0.02323,-0.408035,0.030771,22.694746,-0.015342,0.213652,0.213652
100.0,126,0.345205,1.0,-0.010356,101.040998,0.211055,5.413155,5.2673,5.559,4.389971,4.2441,4.5358,-0.0,0.55401,0.031614,23.033099,-0.023103,-0.439109,0.031614,23.033099,-0.01508,0.211055,0.211055
101.0,126,0.345205,1.01,-0.000406,101.040998,0.208504,4.869772,4.7245,5.0151,4.829476,4.6842,4.9748,0.0,0.522123,0.032274,23.229789,-0.022845,-0.470997,0.032274,23.229789,-0.014687,0.208504,0.208504
102.0,126,0.345205,1.02,0.009446,101.040998,0.205998,4.358433,4.2146,4.5023,5.301025,5.1572,5.4449,-0.0,0.489614,0.03273,23.274681,-0.022453,-0.503506,0.03273,23.274681,-0.014161,0.205998,0.205998
103.0,126,0.345205,1.03,0.019203,101.040998,0.203535,3.879713,3.7383,4.0211,5.805193,5.6638,5.9466,0.0,0.456697,0.032963,23.160335,-0.021928,-0.536423,0.032963,23.160335,-0.013502,0.203535,0.203535
104.0,126,0.345205,1.04,0.028865,101.040998,0.201115,3.433971,3.2959,3.572,6.342339,6.2043,6.4804,-0.0,0.423603,0.03296,22.882473,-0.021273,-0.569516,0.03296,22.882473,-0.012712,0.201115,0.201115
105.0,126,0.345205,1.05,0.038434,101.040998,0.198736,3.021323,2.8875,3.1551,6.912579,6.7788,7.0464,0.0,0.390577,0.03271,22.44036,-0.020494,-0.602542,0.03271,22.44036,-0.011798,0.198736,0.198736
106.0,126,0.345205,1.06,0.047913,101.040998,0.196398,2.641637,2.513,2.7703,7.51578,7.3871,7.6444,-0.0,0.357872,0.032209,21.837074,-0.019598,-0.635248,0.032209,21.837074,-0.010768,0.196398,0.196398
107.0,126,0.345205,1.07,0.057302,101.040998,0.1941,2.294522,2.1718,2.4173,8.151553,8.0288,8.2743,0.0,0.325741,0.03146,21.079635,-0.018599,-0.667379,0.03146,21.079635,-0.009634,0.1941,0.1941
108.0,126,0.345205,1.08,0.066605,101.040998,0.19184,1.979329,1.8632,2.0955,8.819248,8.7031,8.9354,0.0,0.294436,0.030471,20.178978,-0.017511,-0.698683,0.030471,20.178978,-0.008411,0.19184,0.19184
109.0,126,0.345205,1.09,0.075822,101.040998,0.189618,1.695158,1.5862,1.8041,9.517965,9.409,9.6269,-0.0,0.264199,0.029255,19.149763,-0.016349,-0.728921,0.029255,19.149763,-0.007114,0.189618,0.189618
110.0,126,0.345205,1.1,0.084954,101.040998,0.187433,1.440869,1.3396,1.5421,10.246564,10.1453,10.3478,0.0,0.235252,0.027835,18.009995,-0.015132,-0.757868,0.027835,18.009995,-0.005763,0.187433,0.187433
111.0,126,0.345205,1.11,0.094004,101.040998,0.185285,1.215102,1.1218,1.3084,11.003685,10.9104,11.097,0.0,0.207796,0.026235,16.780492,-0.013879,-0.785324,0.026235,16.780492,-0.004376,0.185285,0.185285
112.0,126,0.345205,1.12,0.102973,101.040998,0.183172,1.016302,0.9312,1.1014,11.787772,11.7027,11.8729,0.0,0.182003,0.024488,15.4842,-0.012612,-0.811116,0.024488,15.4842,-0.002974,0.183172,0.183172
113.0,126,0.345205,1.13,0.111861,101.040998,0.181094,0.84275,0.7659,0.9196,12.597108,12.5203,12.674,-0.0,0.158014,0.022627,14.145394,-0.011349,-0.835106,0.022627,14.145394,-0.001576,0.181094,0.181094
114.0,126,0.345205,1.14,0.120672,101.040998,0.179049,0.692598,0.6239,0.7613,13.429844,13.3611,13.4985,-0.0,0.135929,0.020691,12.788796,-0.010109,-0.857191,0.020691,12.788796,-0.000201,0.179049,0.179049
115.0,126,0.345205,1.15,0.129406,101.040998,0.177038,0.563905,0.5032,0.6247,14.284039,14.2233,14.3448,-0.0,0.115814,0.018717,11.43868,-0.008911,-0.877306,0.018717,11.43868,0.001131,0.177038,0.177038
116.0,126,0.345205,1.16,0.138064,101.040998,0.175059,0.454681,0.4015,0.5078,15.157703,15.1046,15.2108,-0.0,0.097693,0.016743,10.117986,-0.007769,-0.895426,0.016743,10.117986,0.002407,0.175059,0.175059
117.0,126,0.345205,1.17,0.146648,101.040998,0.173112,0.362922,0.317,0.4089,16.048832,16.0029,16.0948,-0.0,0.081554,0.014805,8.847517,-0.006698,-0.911566,0.014805,8.847517,0.003613,0.173112,0.173112
118.0,126,0.345205,1.18,0.155158,101.040998,0.171196,0.286649,0.2474,0.3259,16.955447,16.9162,16.9947,-0.0,0.067348,0.012937,7.645259,-0.005708,-0.925772,0.012937,7.645259,0.004738,0.171196,0.171196
119.0,126,0.345205,1.19,0.163597,101.040998,0.16931,0.223945,0.1908,0.2571,17.87563,17.8425,17.9088,-0.0,0.054994,0.011165,6.525857,-0.004806,-0.938126,0.011165,6.525857,0.005775,0.16931,0.16931
120.0,126,0.345205,1.2,0.171965,101.040998,0.167455,0.172984,0.1454,0.2006,18.807556,18.7799,18.8352,-0.0,0.044384,0.009515,5.500291,-0.003996,-0.948735,0.009515,5.500291,0.006719,0.167455,0.167455
121.0,126,0.345205,1.21,0.180264,101.040998,0.165628,0.132055,0.1093,0.1548,19.749516,19.7268,19.7723,-0.0,0.03539,0.008003,4.575742,-0.00328,-0.957729,0.008003,4.575742,0.00757,0.165628,0.165628
122.0,126,0.345205,1.22,0.188495,101.040998,0.163831,0.099588,0.0811,0.118,20.699936,20.6815,20.7184,0.0,0.027867,0.006641,3.755668,-0.002657,-0.965253,0.006641,3.755668,0.008328,0.163831,0.163831
123.0,126,0.345205,1.23,0.196658,101.040998,0.162061,0.074159,0.0594,0.0889,21.657396,21.6426,21.6722,0.0,0.021659,0.005434,3.040055,-0.002123,-0.971461,0.005434,3.040055,0.008996,0.162061,0.162061
124.0,126,0.345205,1.24,0.204755,101.040998,0.160319,0.054505,0.0428,0.0662,22.62063,22.609,22.6323,0.0,0.016609,0.004383,2.425829,-0.001672,-0.976511,0.004383,2.425829,0.009582,0.160319,0.160319
125.0,126,0.345205,1.25,0.212787,101.040998,0.158604,0.039521,0.0295,0.0495,23.588533,23.5785,23.5985,-0.0,0.01256,0.003484,1.907373,-0.001298,-0.980559,0.003484,1.907373,0.01009,0.158604,0.158604
126.0,126,0.345205,1.26,0.220756,101.040998,0.156915,0.028258,0.0183,0.0383,24.560157,24.5502,24.5702,0.0,0.009363,0.002727,1.477126,-0.000993,-0.983757,0.002727,1.477126,0.01053,0.156915,0.156915
127.0,126,0.345205,1.27,0.228661,101.040998,0.155252,0.019914,0.0099,0.0299,25.534701,25.5247,25.5447,0.0,0.006877,0.002101,1.126191,-0.000748,-0.986243,0.002101,1.126191,0.01091,0.155252,0.155252
128.0,126,0.345205,1.28,0.236504,101.040998,0.153614,0.013825,0.0038,0.0238,26.511501,26.5015,26.5215,-0.0,0.004974,0.001593,0.844934,-0.000554,-0.988146,0.001593,0.844934,0.011238,0.153614,0.153614
129.0,126,0.345205,1.29,0.244286,101.040998,0.152002,0.009451,-0.0005,0.0195,27.490015,27.48,27.5,-0.0,0.003541,0.001188,0.623518,-0.000404,-0.989579,0.001188,0.623518,0.011523,0.152002,0.152002
130.0,126,0.345205,1.3,0.252008,101.040998,0.150414,0.006359,-0.0036,0.0164,28.46981,28.4598,28.4798,0.0,0.00248,0.000871,0.452364,-0.00029,-0.99064,0.000871,0.452364,0.011772,0.150414,0.150414
70.0,252,0.690411,0.7,-0.377387,102.092832,0.272452,31.368368,31.3136,31.4232,0.364495,0.3097,0.4193,0.0,0.949281,0.003564,6.703293,-0.007129,-0.037006,0.003564,6.703293,-0.00327,0.272452,0.272452
71.0,252,0.690411,0.71,-0.363203,102.092832,0.268841,30.43756,30.3793,30.4958,0.399755,0.3415,0.458,-0.0,0.945711,0.003893,7.22496,-0.007457,-0.040575,0.003893,7.22496,-0.003466,0.268841,0.268841
72.0,252,0.690411,0.72,-0.349216,102.092832,0.26532,29.510378,29.4484,29.5723,0.438642,0.3767,0.5006,-0.0,0.9418,0.004249,7.782573,-0.007795,-0.044487,0.004249,7.782573,-0.003671,0.26532,0.26532
73.0,252,0.690411,0.73,-0.335423,102.092832,0.261886,28.58718,28.5214,28.653,0.481512,0.4157,0.5473,0.0,0.937518,0.004633,8.377379,-0.008143,-0.048768,0.004633,8.377379,-0.003886,0.261886,0.261886
74.0,252,0.690411,0.74,-0.321817,102.092832,0.258535,27.668348,27.5985,27.7382,0.528748,0.4589,0.5986,-0.0,0.932837,0.005048,9.010448,-0.008499,-0.053449,0.005048,9.010448,-0.00411,0.258535,0.258535
75.0,252,0.690411,0.75,-0.308394,102.092832,0.255266,26.754298,26.6801,26.8284,0.580767,0.5066,0.6549,0.0,0.927725,0.005494,9.682635,-0.008864,-0.058562,0.005494,9.682635,-0.004343,0.255266,0.255266
76.0,252,0.690411,0.76,-0.295149,102.092832,0.252076,25.845479,25.7669,25.9241,0.638016,0.5594,0.7166,0.0,0.92215,0.005973,10.394533,-0.009238,-0.064137,0.005973,10.394533,-0.004584,0.252076,0.252076
77.0,252,0.690411,0.77,-0.282077,102.092832,0.248961,24.942371,24.8591,25.0256,0.700977,0.6177,0.7842,0.0,0.916077,0.006485,11.146425,-0.009619,-0.070209,0.006485,11.146425,-0.004833,0.248961,0.248961
78.0,252,0.690411,0.78,-0.269174,102.092832,0.24592,24.045491,23.9574,24.1336,0.770165,0.6821,0.8582,0.0,0.909473,0.007031,11.938231,-0.010006,-0.076813,0.007031,11.938231,-0.005088,0.24592,0.24592
79.0,252,0.690411,0.79,-0.256435,102.092832,0.242951,23.15539,23.0623,23.2485,0.846133,0.7531,0.9392,0.0,0.902302,0.007613,12.769454,-0.0104,-0.083984,0.007613,12.769454,-0.005349,0.242951,0.242951
80.0,252,0.690411,0.8,-0.243856,102.092832,0.240051,22.272656,22.1744,22.3709,0.929467,0.8312,1.0277,0.0,0.894529,0.00823,13.639128,-0.010797,-0.091757,0.00823,13.639128,-0.005615,0.240051,0.240051
81.0,252,0.690411,0.81,-0.231433,102.092832,0.237218,21.397912,21.2944,21.5014,1.020792,0.9173,1.1243,-0.0,0.886118,0.008881,14.545763,-0.011198,-0.100169,0.008881,14.545763,-0.005883,0.237218,0.237218
82.0,252,0.690411,0.82,-0.219163,102.092832,0.23445,20.531819,20.4229,20.6407,1.120767,1.0118,1.2297,0.0,0.877034,0.009568,15.487289,-0.0116,-0.109253,0.009568,15.487289,-0.006153,0.23445,0.23445
83.0,252,0.690411,0.83,-0.207042,102.092832,0.231745,19.675071,19.5606,19.7895,1.230088,1.1156,1.3445,-0.0,0.867241,0.010288,16.461012,-0.012002,-0.119046,0.010288,16.461012,-0.006422,0.231745,0.231745
84.0,252,0.690411,0.84,-0.195066,102.092832,0.229102,18.828398,18.7084,18.9484,1.349483,1.2295,1.4695,0.0,0.856707,0.011041,17.463567,-0.012401,-0.129579,0.011041,17.463567,-0.006688,0.229102,0.229102
85.0,252,0.690411,0.85,-0.183231,102.092832,0.226518,17.992562,17.8669,18.1182,1.479716,1.3541,1.6054,-0.0,0.845401,0.011824,18.490876,-0.012794,-0.140886,0.011824,18.490876,-0.00695,0.226518,0.226518
86.0,252,0.690411,0.86,-0.171535,102.092832,0.223991,17.168356,17.0371,17.2996,1.621579,1.4903,1.7529,-0.0,0.833293,0.012634,19.538127,-0.01318,-0.152994,0.012634,19.538127,-0.007204,0.223991,0.223991
87.0,252,0.690411,0.87,-0.159974,102.092832,0.221521,16.3566,16.2197,16.4935,1.775891,1.639,1.9128,0.0,0.820357,0.013469,20.599748,-0.013556,-0.16593,0.013469,20.599748,-0.007447,0.221521,0.221521
88.0,252,0.690411,0.88,-0.148546,102.092832,0.219105,15.558137,15.4157,15.7006,1.943496,1.8011,2.0859,0.0,0.806571,0.014325,21.669409,-0.013919,-0.179715,0.014325,21.669409,-0.007677,0.219105,0.219105
89.0,252,0.690411,0.89,-0.137246,102.092832,0.216742,14.77383,14.626,14.9217,2.125258,1.9774,2.2731,0.0,0.791918,0.015196,22.740027,-0.014264,-0.194369,0.015196,22.740027,-0.007891,0.216742,0.216742
90.0,252,0.690411,0.9,-0.126073,102.092832,0.214431,14.004559,13.8514,14.1577,2.322055,2.1689,2.4752,0.0,0.776385,0.016079,23.803795,-0.01459,-0.209902,0.016079,23.803795,-0.008084,0.214431,0.214431
91.0,252,0.690411,0.91,-0.115023,102.092832,0.21217,13.251209,13.093,13.4094,2.534774,2.3766,2.693,-0.0,0.759964,0.016966,24.852234,-0.014893,-0.226322,0.016966,24.852234,-0.008255,0.21217,0.21217
92.0,252,0.690411,0.92,-0.104094,102.092832,0.209958,12.51467,12.3517,12.6777,2.764303,2.6013,2.9273,0.0,0.742657,0.017851,25.876251,-0.015169,-0.24363,0.017851,25.876251,-0.008398,0.209958,0.209958
93.0,252,0.690411,0.93,-0.093283,102.092832,0.207793,11.795828,11.6283,11.9633,3.011529,2.8441,3.179,-0.0,0.724469,0.018727,26.866234,-0.015415,-0.261818,0.018727,26.866234,-0.008512,0.207793,0.207793
94.0,252,0.690411,0.94,-0.082588,102.092832,0.205674,11.095553,10.9239,11.2672,3.277323,3.1057,3.4489,0.0,0.705416,0.019586,27.812163,-0.015628,-0.280871,0.019586,27.812163,-0.008592,0.205674,0.205674
95.0,252,0.690411,0.95,-0.072006,102.092832,0.2036,10.414699,10.2394,10.59,3.562538,3.3872,3.7379,0.0,0.68552,0.02042,28.703736,-0.015803,-0.300767,0.02042,28.703736,-0.008635,0.2036,0.2036
96.0,252,0.690411,0.96,-0.061534,102.092832,0.20157,9.754087,9.5755,9.9327,3.867994,3.6894,4.0466,0.0,0.664813,0.02122,29.530525,-0.015938,-0.321474,0.02122,29.530525,-0.008638,0.20157,0.20157
97.0,252,0.690411,0.97,-0.051172,102.092832,0.199582,9.114502,8.9332,9.2958,4.194478,4.0132,4.3758,0.0,0.643336,0.021976,30.282145,-0.016031,-0.34295,0.021976,30.282145,-0.008598,0.199582,0.199582
98.0,252,0.690411,0.98,-0.040915,102.092832,0.197636,8.49668,8.3132,8.6802,4.542724,4.3592,4.7262,-0.0,0.62114,0.022681,30.948443,-0.016077,-0.365147,0.022681,30.948443,-0.008512,0.197636,0.197636
99.0,252,0.690411,0.99,-0.030763,102.092832,0.19573,7.901299,7.7162,8.0864,4.913412,4.7283,5.0985,-0.0,0.598282,0.023325,31.51969,-0.016076,-0.388005,0.023325,31.51969,-0.008379,0.19573,0.19573
100.0,252,0.690411,1.0,-0.020712,102.092832,0.193864,7.328975,7.1429,7.515,5.307156,5.1211,5.4932,0.0,0.574831,0.023898,31.986793,-0.016024,-0.411455,0.023898,31.986793,-0.008195,0.193864,0.193864
101.0,252,0.690411,1.01,-0.010762,102.092832,0.192037,6.780244,6.5939,6.9666,5.724493,5.5382,5.9108,-0.0,0.550865,0.024393,32.341499,-0.015922,-0.435422,0.024393,32.341499,-0.00796,0.192037,0.192037
102.0,252,0.690411,1.02,-0.00091,102.092832,0.190247,6.255561,6.0696,6.4415,6.165879,5.98,6.3518,-0.0,0.526467,0.024802,32.576602,-0.015767,-0.459819,0.024802,32.576602,-0.007673,0.190247,0.190247
103.0,252,0.690411,1.03,0.008846,102.092832,0.188493,5.755291,5.5705,5.9401,6.631677,6.4468,6.8165,0.0,0.501731,0.025117,32.686139,-0.01556,-0.484556,0.025117,32.686139,-0.007333,0.188493,0.188493
104.0,252,0.690411,1.04,0.018508,102.092832,0.186775,5.279698,5.0967,5.4627,7.122153,6.9391,7.3052,0.0,0.476755,0.025332,32.665562,-0.015301,-0.509532,0.025332,32.665562,-0.006942,0.186775,0.186775
105.0,252,0.690411,1.05,0.028078,102.092832,0.185093,4.828946,4.6484,5.0095,7.637469,7.4569,7.818,0.0,0.451643,0.025442,32.511906,-0.014991,-0.534644,0.025442,32.511906,-0.006499,0.185093,0.185093
106.0,252,0.690411,1.06,0.037557,102.092832,0.183444,4.403089,4.2258,4.5804,8.177681,8.0003,8.355,0.0,0.426504,0.025443,32.223902,-0.014631,-0.559783,0.025443,32.223902,-0.006008,0.183444,0.183444
107.0,252,0.690411,1.07,0.046946,102.092832,0.181828,4.002069,3.8286,4.1755,8.74273,8.5693,8.9162,0.0,0.401448,0.025333,31.802081,-0.014225,-0.584838,0.025333,31.802081,-0.005469,0.181828,0.181828
108.0,252,0.690411,1.08,0.056249,102.092832,0.180245,3.625719,3.4567,3.7947,9.332448,9.1635,9.5014,0.0,0.376589,0.025111,31.248819,-0.013774,-0.609698,0.025111,31.248819,-0.004886,0.180245,0.180245
109.0,252,0.690411,1.09,0.065465,102.092832,0.178693,3.273757,3.1099,3.4376,9.946554,9.7827,10.1104,-0.0,0.352037,0.024777,30.568351,-0.013283,-0.634249,0.024777,30.568351,-0.004262,0.178693,0.178693
110.0,252,0.690411,1.1,0.074598,102.092832,0.177172,2.945789,2.7876,3.104,10.584655,10.4264,10.7429,0.0,0.327903,0.024335,29.76673,-0.012756,-0.658383,0.024335,29.76673,-0.003603,0.177172,0.177172
111.0,252,0.690411,1.11,0.083648,102.092832,0.175682,2.641317,2.4893,2.7934,11.246251,11.0942,11.3983,0.0,0.304293,0.023787,28.851747,-0.012196,-0.681993,0.023787,28.851747,-0.002911,0.175682,0.175682
112.0,252,0.690411,1.12,0.092616,102.092832,0.174221,2.359737,2.2143,2.5052,11.93074,11.7853,12.0762,0.0,0.281308,0.023139,27.832805,-0.01161,-0.704978,0.023139,27.832805,-0.002192,0.174221,0.174221
113.0,252,0.690411,1.13,0.101505,102.092832,0.172789,2.100353,1.9618,2.2389,12.637425,12.4989,12.7759,0.0,0.259042,0.022399,26.720742,-0.011002,-0.727244,0.022399,26.720742,-0.001452,0.172789,0.172789
114.0,252,0.690411,1.14,0.110316,102.092832,0.171385,1.862379,1.7311,1.9936,13.365519,13.2343,13.4968,-0.0,0.237581,0.021574,25.527626,-0.010378,-0.748705,0.021574,25.527626,-0.000696,0.171385,0.171385
115.0,252,0.690411,1.15,0.11905,102.092832,0.170008,1.64495,1.5212,1.7687,14.114158,13.9904,14.2379,-0.0,0.217002,0.020674,24.266511,-0.009744,-0.769285,0.020674,24.266511,7.1e-05,0.170008,0.170008
116.0,252,0.690411,1.16,0.127708,102.092832,0.168659,1.447134,1.331,1.5633,14.882411,14.7663,14.9985,0.0,0.19737,0.01971,22.951166,-0.009104,-0.788917,0.01971,22.951166,0.000843,0.168659,0.168659
117.0,252,0.690411,1.17,0.136291,102.092832,0.167336,1.267941,1.1595,1.3764,15.669287,15.5609,15.7777,0.0,0.178741,0.018693,21.595797,-0.008466,-0.807546,0.018693,21.595797,0.001614,0.167336,0.167336
118.0,252,0.690411,1.18,0.144802,102.092832,0.166039,1.106337,1.0056,1.207,16.473751,16.3731,16.5744,0.0,0.161157,0.017634,20.214745,-0.007833,-0.82513,0.017634,20.214745,0.002379,0.166039,0.166039
119.0,252,0.690411,1.19,0.153241,102.092832,0.164767,0.961255,0.8682,1.0543,17.294738,17.2017,17.3878,0.0,0.14465,0.016546,18.822202,-0.007211,-0.841636,0.016546,18.822202,0.003133,0.164767,0.164767
120.0,252,0.690411,1.2,0.161609,102.092832,0.16352,0.831606,0.7461,0.9171,18.131157,18.0456,18.2167,0.0,0.12924,0.015441,17.431925,-0.006604,-0.857047,0.015441,17.431925,0.003872,0.16352,0.16352
121.0,252,0.690411,1.21,0.169908,102.092832,0.162297,0.716292,0.6381,0.7945,18.981912,18.9037,19.0601,-0.0,0.114932,0.01433,16.056975,-0.006017,-0.871355,0.01433,16.056975,0.004591,0.162297,0.162297
122.0,252,0.690411,1.22,0.178139,102.092832,0.161097,0.614219,0.5431,0.6853,19.845907,19.7748,19.917,0.0,0.101722,0.013225,14.709482,-0.005454,-0.884565,0.013225,14.709482,0.005287,0.161097,0.161097
123.0,252,0.690411,1.23,0.186302,102.092832,0.159921,0.524306,0.46,0.5886,20.722063,20.6578,20.7864,0.0,0.089596,0.012137,13.400449,-0.004917,-0.896691,0.012137,13.400449,0.005957,0.159921,0.159921
124.0,252,0.690411,1.24,0.194399,102.092832,0.158768,0.445496,0.3877,0.5033,21.609321,21.5515,21.6671,0.0,0.078528,0.011075,12.139581,-0.004409,-0.907759,0.011075,12.139581,0.006597,0.158768,0.158768
125.0,252,0.690411,1.25,0.202431,102.092832,0.157636,0.376765,0.3251,0.4285,22.506658,22.4549,22.5584,0.0,0.068484,0.010048,10.935178,-0.003931,-0.917803,0.010048,10.935178,0.007206,0.157636,0.157636
126.0,252,0.690411,1.26,0.210399,102.092832,0.156527,0.317128,0.2711,0.3631,23.41309,23.3671,23.4591,0.0,0.059423,0.009063,9.79405,-0.003487,-0.926864,0.009063,9.79405,0.007784,0.156527,0.156527
127.0,252,0.690411,1.27,0.218305,102.092832,0.155439,0.26565,0.225,0.3063,24.32768,24.287,24.3683,0.0,0.051297,0.008127,8.721495,-0.003075,-0.93499,0.008127,8.721495,0.008328,0.155439,0.155439
128.0,252,0.690411,1.28,0.226148,102.092832,0.154371,0.221446,0.1857,0.2572,25.249545,25.2138,25.2853,0.0,0.044052,0.007245,7.721307,-0.002697,-0.942234,0.007245,7.721307,0.008838,0.154371,0.154371
129.0,252,0.690411,1.29,0.23393,102.092832,0.153325,0.183689,0.1524,0.2149,26.177857,26.1466,26.2091,-0.0,0.037632,0.00642,6.795826,-0.002352,-0.948654,0.00642,6.795826,0.009316,0.153325,0.153325
130.0,252,0.690411,1.3,0.241652,102.092832,0.152298,0.151612,0.1244,0.1788,27.111848,27.0847,27.139,-0.0,0.031978,0.005655,5.946027,-0.002039,-0.954309,0.005655,5.946027,0.009761,0.152298,0.152298
